eval,time_s,total,content,style,tv,temporal,w_content,w_style
1,0.8434326970000257,175.09080505371094,0.0,0.00174097646959126,0.0993163138628006,0.0,0.0,174.097646959126
2,1.5117865109998547,175.06082153320312,2.4956043489510193e-06,0.0017406762344762683,0.09931989014148712,0.0,2.4956043489510193e-06,174.06762344762683
3,2.124938840999903,174.92721557617188,7.570197340101004e-05,0.001739337807521224,0.0993359386920929,0.0,7.570197340101004e-05,173.9337807521224
4,2.683913491999874,174.2319793701172,0.002279107691720128,0.0017323545180261135,0.09942426532506943,0.0,0.002279107691720128,173.23545180261135
5,3.2561993580000035,165.83506774902344,0.21755699813365936,0.0016460391925647855,0.10135933756828308,0.0,0.21755699813365936,164.60391925647855
6,3.7664504169999873,142.44183349609375,0.925266444683075,0.0014042542316019535,0.10911385715007782,0.0,0.925266444683075,140.42542316019535
7,4.26801930900001,2059.7470703125,13.981244087219238,0.020431390032172203,0.2626672089099884,0.0,13.981244087219238,2043.1390032172203
8,4.816859830999874,104.29778289794922,4.517120361328125,0.000983286532573402,0.14520081877708435,0.0,4.517120361328125,98.32865325734019
9,5.288227988000017,72.48566436767578,8.990642547607422,0.0006210692226886749,0.13881029188632965,0.0,8.990642547607422,62.10692226886749
10,5.795602913000039,34.19269943237305,6.533872127532959,0.0002627606736496091,0.13827580213546753,0.0,6.533872127532959,26.27606736496091
11,6.2945992590000515,28.684898376464844,6.561307430267334,0.0002077920362353325,0.13443860411643982,0.0,6.561307430267334,20.77920362353325
12,6.758118818999947,34.3260498046875,7.184932231903076,0.0002571593504399061,0.14251819252967834,0.0,7.184932231903076,25.715935043990612
13,7.252107228999876,23.882883071899414,6.811522006988525,0.00015698802599217743,0.13725590705871582,0.0,6.811522006988525,15.698802599217743
14,7.726966665999953,16.78134536743164,5.81373929977417,9.647064143791795e-05,0.1320541501045227,0.0,5.81373929977417,9.647064143791795
15,8.239948680999987,15.4376220703125,5.575771331787109,8.52734810905531e-05,0.13345018029212952,0.0,5.575771331787109,8.52734810905531
16,8.78812493800001,13.797588348388672,5.4084906578063965,7.032928260741755e-05,0.13561689853668213,0.0,5.4084906578063965,7.032928260741755
17,9.310367126000074,25.439746856689453,14.210246086120605,9.75590301095508e-05,0.14735975861549377,0.0,14.210246086120605,9.75590301095508
18,9.774256555999955,12.828630447387695,5.019867420196533,6.436632975237444e-05,0.13721297681331635,0.0,5.019867420196533,6.436632975237444
19,10.219755338999903,12.20228385925293,4.921675205230713,5.88556140428409e-05,0.13950470089912415,0.0,4.921675205230713,5.88556140428409
20,10.674433173999887,12.234915733337402,5.1529717445373535,5.663904448738322e-05,0.14180396497249603,0.0,5.1529717445373535,5.663904448738322
21,11.153498991999868,12.012982368469238,4.915389537811279,5.693769344361499e-05,0.1403822898864746,0.0,4.915389537811279,5.693769344361499
22,11.661350784999968,11.343297958374023,4.685766696929932,5.252494156593457e-05,0.1405036747455597,0.0,4.685766696929932,5.252494156593457
23,12.148306129000048,14.96688461303711,8.370773315429688,5.1481445552781224e-05,0.14479660987854004,0.0,8.370773315429688,5.148144555278122
24,12.645330440999942,10.660594940185547,4.390194416046143,4.860241097048856e-05,0.14101597666740417,0.0,4.390194416046143,4.860241097048856
25,13.109903369999984,10.773127555847168,4.971488952636719,4.391129914438352e-05,0.14105084538459778,0.0,4.971488952636719,4.391129914438352
26,13.561848453000039,10.09206771850586,4.133126258850098,4.550208541331813e-05,0.14087338745594025,0.0,4.133126258850098,4.550208541331813
27,13.99152456999991,9.897551536560059,4.120737552642822,4.38818933616858e-05,0.1388625204563141,0.0,4.120737552642822,4.38818933616858
28,14.422395370999993,9.684173583984375,3.9610939025878906,4.334010009188205e-05,0.13890695571899414,0.0,3.9610939025878906,4.334010009188205
29,14.861446045999855,9.595441818237305,3.9163951873779297,4.288774653105065e-05,0.13902723789215088,0.0,3.9163951873779297,4.288774653105065
30,15.297230769999942,9.47019100189209,3.871875524520874,4.20805808971636e-05,0.13902580738067627,0.0,3.871875524520874,4.20805808971636
31,15.793358668999872,8.974936485290527,3.68402099609375,3.907417703885585e-05,0.1383497416973114,0.0,3.68402099609375,3.907417703885585
32,16.291687950999858,8.736764907836914,3.7061474323272705,3.632994776125997e-05,0.139762282371521,0.0,3.7061474323272705,3.6329947761259973
33,16.816102435999937,8.424060821533203,3.5313732624053955,3.506326538627036e-05,0.13863609731197357,0.0,3.5313732624053955,3.506326538627036
34,17.322032120999893,8.231267929077148,3.436716318130493,3.41279519489035e-05,0.1381755769252777,0.0,3.436716318130493,3.41279519489035
35,17.766339291999884,8.035812377929688,3.3430020809173584,3.3110940421465784e-05,0.13817158341407776,0.0,3.3430020809173584,3.3110940421465784
36,18.236458197000047,7.9008331298828125,3.299229383468628,3.213630407117307e-05,0.138797327876091,0.0,3.299229383468628,3.213630407117307
37,18.717079308999928,7.785900115966797,3.2172019481658936,3.179347550030798e-05,0.13893508911132812,0.0,3.2172019481658936,3.1793475500307977
38,19.177765633000035,7.613462448120117,3.1480743885040283,3.0909268389223143e-05,0.1374461054801941,0.0,3.1480743885040283,3.0909268389223143
39,19.623443509000026,7.516070365905762,3.074517250061035,3.071501123486087e-05,0.13700523972511292,0.0,3.074517250061035,3.0715011234860867
40,20.129783224999983,7.439052581787109,3.038886308670044,3.0287324989330955e-05,0.1371433436870575,0.0,3.038886308670044,3.0287324989330955
41,20.590524838999954,7.335294723510742,3.007310152053833,2.9546372388722375e-05,0.13733473420143127,0.0,3.007310152053833,2.9546372388722375
42,21.05268473199999,7.245969295501709,2.963397264480591,2.9101225663907826e-05,0.13724493980407715,0.0,2.963397264480591,2.9101225663907826
43,21.576704671000016,8.047149658203125,3.630443572998047,3.037363785551861e-05,0.13793417811393738,0.0,3.630443572998047,3.037363785551861
44,22.066113665999865,7.169153213500977,2.9304816722869873,2.8680224204435945e-05,0.13706493377685547,0.0,2.9304816722869873,2.8680224204435945
45,22.53384266299986,7.089485168457031,2.893519163131714,2.8324937375145964e-05,0.13634717464447021,0.0,2.893519163131714,2.8324937375145964
46,22.993861970999887,7.008866786956787,2.8282480239868164,2.820772715494968e-05,0.1359845995903015,0.0,2.8282480239868164,2.820772715494968
47,23.53237093200005,6.944542407989502,2.79364013671875,2.7937490813201293e-05,0.1357153356075287,0.0,2.79364013671875,2.7937490813201293
48,24.00566813399996,6.868143081665039,2.750298261642456,2.765860699582845e-05,0.13519838452339172,0.0,2.750298261642456,2.765860699582845
49,24.480495966000035,6.796592712402344,2.7237188816070557,2.7256288376520388e-05,0.13472452759742737,0.0,2.7237188816070557,2.725628837652039
50,24.967901758999915,6.693549156188965,2.687945604324341,2.666760337888263e-05,0.13388435542583466,0.0,2.687945604324341,2.666760337888263
51,25.465592098999878,6.58845329284668,2.6758391857147217,2.5789500796236098e-05,0.1333663910627365,0.0,2.6758391857147217,2.57895007962361
52,26.013652844000035,6.476897716522217,2.682263135910034,2.4672694053151645e-05,0.13273653388023376,0.0,2.682263135910034,2.4672694053151645
53,26.535688071999857,6.459868431091309,2.7310092449188232,2.402123027422931e-05,0.13267363607883453,0.0,2.7310092449188232,2.402123027422931
54,27.000599871000077,6.419155120849609,2.669955015182495,2.4246503016911447e-05,0.13245494663715363,0.0,2.669955015182495,2.4246503016911447
55,27.46744786799991,6.400883674621582,2.6609647274017334,2.4156805011443794e-05,0.13242386281490326,0.0,2.6609647274017334,2.4156805011443794
56,27.935933830000067,6.347041606903076,2.6320488452911377,2.3930650058900937e-05,0.13219276070594788,0.0,2.6320488452911377,2.3930650058900937
57,28.446863938999968,6.289116382598877,2.607383966445923,2.362672967137769e-05,0.1319059431552887,0.0,2.607383966445923,2.362672967137769
58,28.893035873999906,6.218197822570801,2.5978243350982666,2.3084452550392598e-05,0.13119283318519592,0.0,2.5978243350982666,2.30844525503926
59,29.331567149999955,6.166330337524414,2.547821044921875,2.3082240659277886e-05,0.13102854788303375,0.0,2.547821044921875,2.3082240659277886
60,29.762357922999854,6.133107662200928,2.536846876144409,2.2870877728564665e-05,0.13091731071472168,0.0,2.536846876144409,2.2870877728564665
61,30.245934642000066,6.10184907913208,2.523206949234009,2.271984521939885e-05,0.13066571950912476,0.0,2.523206949234009,2.271984521939885
62,30.725935793999952,6.0393900871276855,2.5187697410583496,2.216778557340149e-05,0.13038422167301178,0.0,2.5187697410583496,2.216778557340149
63,31.19378269899994,5.980948448181152,2.5203757286071777,2.1598920284304768e-05,0.13006803393363953,0.0,2.5203757286071777,2.159892028430477
64,31.75132664900002,5.933199882507324,2.5306029319763184,2.1068692149128765e-05,0.12957274913787842,0.0,2.5306029319763184,2.1068692149128765
65,32.249080422999896,5.894384384155273,2.5242795944213867,2.076609234791249e-05,0.12934955954551697,0.0,2.5242795944213867,2.076609234791249
66,32.70929475799994,5.8705830574035645,2.5037930011749268,2.0766950910910964e-05,0.12900948524475098,0.0,2.5037930011749268,2.0766950910910964
67,33.15448312399985,5.843751430511475,2.5015199184417725,2.052568015642464e-05,0.12896637618541718,0.0,2.5015199184417725,2.052568015642464
68,33.61949358700008,5.817282199859619,2.481330633163452,2.0479619706748053e-05,0.1287989467382431,0.0,2.481330633163452,2.0479619706748053
69,34.10164381300001,5.776857376098633,2.4608256816864014,2.0307805243646726e-05,0.12852509319782257,0.0,2.4608256816864014,2.0307805243646726
70,34.59773505399994,5.748088359832764,2.493870973587036,1.964272087207064e-05,0.12899450957775116,0.0,2.493870973587036,1.964272087207064
71,35.064611473000014,5.694615840911865,2.443875312805176,1.9678749595186673e-05,0.12828654050827026,0.0,2.443875312805176,1.9678749595186673
72,35.53039434099992,5.676558494567871,2.4353318214416504,1.9612409232649952e-05,0.12799856066703796,0.0,2.4353318214416504,1.9612409232649952
73,36.01587960300003,5.656683444976807,2.4298791885375977,1.9491693819873035e-05,0.1277635097503662,0.0,2.4298791885375977,1.9491693819873035
74,36.527948183000035,5.60695743560791,2.425973415374756,1.9059247279074043e-05,0.12750594317913055,0.0,2.425973415374756,1.9059247279074043
75,37.02132953099999,5.574352741241455,2.400705099105835,1.907100340758916e-05,0.126654714345932,0.0,2.400705099105835,1.907100340758916
76,37.51108655799999,5.550760746002197,2.401458501815796,1.8799571989802644e-05,0.1269344836473465,0.0,2.401458501815796,1.8799571989802644
77,37.95217394799988,5.539411544799805,2.3919055461883545,1.878637522167992e-05,0.12688682973384857,0.0,2.3919055461883545,1.8786375221679918
78,38.44114593199993,5.626863479614258,2.467561960220337,1.8917971829068847e-05,0.12675043940544128,0.0,2.467561960220337,1.8917971829068847
79,38.967674089999946,5.532597541809082,2.3866186141967773,1.877536124084145e-05,0.12684428691864014,0.0,2.3866186141967773,1.8775361240841448
80,39.45677993300001,5.522634506225586,2.3800652027130127,1.8751876268652268e-05,0.12673816084861755,0.0,2.3800652027130127,1.8751876268652268
81,39.89662897199992,5.484740734100342,2.3539435863494873,1.8699323845794424e-05,0.12608647346496582,0.0,2.3539435863494873,1.8699323845794424
82,40.376526500999944,5.458154678344727,2.343775749206543,1.8570033716969192e-05,0.12573757767677307,0.0,2.343775749206543,1.8570033716969192
83,40.84324731599986,5.438819408416748,2.3332576751708984,1.849896761996206e-05,0.12556646764278412,0.0,2.3332576751708984,1.849896761996206
84,41.30835807599988,5.413795471191406,2.3166515827178955,1.8455706594977528e-05,0.12515732645988464,0.0,2.3166515827178955,1.8455706594977528
85,41.83461307399989,5.382864952087402,2.324446439743042,1.806998443498742e-05,0.12514202296733856,0.0,2.324446439743042,1.8069984434987418
86,42.33895635099998,5.356479644775391,2.3190081119537354,1.788089139154181e-05,0.12493826448917389,0.0,2.3190081119537354,1.7880891391541809
87,42.80648784999994,5.330873489379883,2.3141279220581055,1.770213566487655e-05,0.12465320527553558,0.0,2.3141279220581055,1.770213566487655
88,43.28630791399996,5.297418117523193,2.317336082458496,1.7340382328256965e-05,0.12460435926914215,0.0,2.317336082458496,1.7340382328256965
89,43.740045751000025,5.274541854858398,2.3045871257781982,1.7278414816246368e-05,0.12421134114265442,0.0,2.3045871257781982,1.7278414816246368
90,44.191634269999895,5.261628150939941,2.2903025150299072,1.7323151041637175e-05,0.12390105426311493,0.0,2.2903025150299072,1.7323151041637175
91,44.64886807800008,5.244300365447998,2.2858636379241943,1.7200542060891166e-05,0.12383826822042465,0.0,2.2858636379241943,1.7200542060891166
92,45.109677494999914,5.216303825378418,2.272545576095581,1.7090254914364778e-05,0.12347325682640076,0.0,2.272545576095581,1.7090254914364778
93,45.625474592000046,5.1878228187561035,2.271594285964966,1.6820104065118358e-05,0.1234218180179596,0.0,2.271594285964966,1.6820104065118358
94,46.13290487699987,5.164884090423584,2.255808115005493,1.6796515410533175e-05,0.12294244766235352,0.0,2.255808115005493,1.6796515410533175
95,46.625789704,5.147645473480225,2.2498619556427,1.6692323697498068e-05,0.12285511940717697,0.0,2.2498619556427,1.6692323697498068
96,47.102947533999895,5.119959831237793,2.2315876483917236,1.6645655705360696e-05,0.12238063663244247,0.0,2.2315876483917236,1.6645655705360696
97,47.564681027000006,5.1053996086120605,2.2348783016204834,1.6431651602033526e-05,0.12273560464382172,0.0,2.2348783016204834,1.6431651602033526
98,48.080088797999906,5.091526031494141,2.2161786556243896,1.6519163182238117e-05,0.12234313040971756,0.0,2.2161786556243896,1.6519163182238117
99,48.591119616000015,5.080253601074219,2.2095749378204346,1.6481615602970123e-05,0.12225170433521271,0.0,2.2095749378204346,1.6481615602970123
100,49.08119004800005,5.0710296630859375,2.1985466480255127,1.6525307728443295e-05,0.12199519574642181,0.0,2.1985466480255127,1.6525307728443295
101,49.538230341999906,5.0581955909729,2.2002618312835693,1.637374771235045e-05,0.12205590307712555,0.0,2.2002618312835693,1.637374771235045
102,49.992900369999916,5.032876968383789,2.204434633255005,1.606744626769796e-05,0.12216977775096893,0.0,2.204434633255005,1.606744626769796
103,50.438201216999914,5.011693477630615,2.2016170024871826,1.5910647562122904e-05,0.12190116196870804,0.0,2.2016170024871826,1.5910647562122904
104,50.87970361199996,4.994221210479736,2.1942548751831055,1.5842610082472675e-05,0.12157052755355835,0.0,2.1942548751831055,1.5842610082472675
105,51.385714005999944,4.980648994445801,2.1883223056793213,1.5779998648213223e-05,0.12143270671367645,0.0,2.1883223056793213,1.5779998648213223
106,51.8903021189999,4.958063125610352,2.174396514892578,1.5728797734482214e-05,0.12107865512371063,0.0,2.174396514892578,1.5728797734482214
107,52.35937523400003,4.947141647338867,2.1749253273010254,1.5624129446223378e-05,0.12098030745983124,0.0,2.1749253273010254,1.5624129446223378
108,52.83228630999997,4.93398904800415,2.15734601020813,1.5692728993599303e-05,0.12073703110218048,0.0,2.15734601020813,1.5692728993599303
109,53.352408807000074,4.924441337585449,2.1523420810699463,1.564855301694479e-05,0.12072436511516571,0.0,2.1523420810699463,1.5648553016944788
110,53.883982512999864,4.914288520812988,2.1463944911956787,1.5625753803760745e-05,0.1205318421125412,0.0,2.1463944911956787,1.5625753803760745
111,54.41942443599987,4.899718761444092,2.1447010040283203,1.5499101209570654e-05,0.1205107644200325,0.0,2.1447010040283203,1.5499101209570654
112,54.89093663299991,4.88399076461792,2.139056444168091,1.543697180750314e-05,0.1201237216591835,0.0,2.139056444168091,1.5436971807503141
113,55.38616330700006,4.87034797668457,2.1359732151031494,1.535197407065425e-05,0.11991775035858154,0.0,2.1359732151031494,1.535197407065425
114,55.84357857700002,4.854104042053223,2.131438970565796,1.525579864392057e-05,0.11970850825309753,0.0,2.131438970565796,1.525579864392057
115,56.319353515999865,4.842625617980957,2.1265013217926025,1.5221845387713984e-05,0.1193939670920372,0.0,2.1265013217926025,1.5221845387713984
116,56.82825231299989,4.833653450012207,2.122335910797119,1.5185680240392685e-05,0.11927494406700134,0.0,2.122335910797119,1.5185680240392685
117,57.316320959999985,4.821483135223389,2.120840311050415,1.5080759112606756e-05,0.11925668269395828,0.0,2.120840311050415,1.5080759112606756
118,57.817255424999985,4.804168701171875,2.11657452583313,1.4992681826697662e-05,0.11883257329463959,0.0,2.11657452583313,1.4992681826697662
119,58.316040838999925,4.789636135101318,2.117448568344116,1.48376238939818e-05,0.11884251236915588,0.0,2.117448568344116,1.48376238939818
120,58.79338363099987,4.7785797119140625,2.109517812728882,1.4836707123322412e-05,0.11853913962841034,0.0,2.109517812728882,1.4836707123322412
121,59.26604743600001,4.7701873779296875,2.1109657287597656,1.4735280274180695e-05,0.11856937408447266,0.0,2.1109657287597656,1.4735280274180695
122,59.718926223999915,4.76380729675293,2.1017000675201416,1.4795563402003609e-05,0.11825509369373322,0.0,2.1017000675201416,1.4795563402003609
123,60.184298320999915,4.7565388679504395,2.0960853099823,1.4796629329794087e-05,0.11807908117771149,0.0,2.0960853099823,1.4796629329794087
124,60.655597812999986,4.745504856109619,2.088791608810425,1.4784513041377068e-05,0.11782620847225189,0.0,2.088791608810425,1.4784513041377068
125,61.12647472000003,4.72776985168457,2.086916208267212,1.4635797924711369e-05,0.1177273839712143,0.0,2.086916208267212,1.463579792471137
126,61.64929773099993,4.719010353088379,2.0862467288970947,1.4586688848794438e-05,0.11740943789482117,0.0,2.0862467288970947,1.4586688848794438
127,62.12671506399988,4.71250581741333,2.0804359912872314,1.4589958482247312e-05,0.1173073947429657,0.0,2.0804359912872314,1.4589958482247312
128,62.599498756,4.709639549255371,2.081913948059082,1.4539469702867791e-05,0.11737783253192902,0.0,2.081913948059082,1.453946970286779
129,63.090482576999875,4.704226016998291,2.0811927318573,1.4495347386400681e-05,0.11734984815120697,0.0,2.0811927318573,1.449534738640068
130,63.60231214099986,4.692917823791504,2.0748302936553955,1.446455735276686e-05,0.11716316640377045,0.0,2.0748302936553955,1.446455735276686
131,64.10509836999995,4.677384376525879,2.0665905475616455,1.4401153748622164e-05,0.11706788837909698,0.0,2.0665905475616455,1.4401153748622164
132,64.63687579799989,4.669283390045166,2.0553407669067383,1.4489789464278147e-05,0.11649636924266815,0.0,2.0553407669067383,1.4489789464278147
133,65.14510583299989,4.662200450897217,2.0497708320617676,1.4479907804343384e-05,0.11644387245178223,0.0,2.0497708320617676,1.4479907804343384
134,65.64238634999992,4.655233383178711,2.0506646633148193,1.4387672308657784e-05,0.11658012866973877,0.0,2.0506646633148193,1.4387672308657784
135,66.1875283469999,4.64552116394043,2.0484750270843506,1.4328107681649271e-05,0.11642354726791382,0.0,2.0484750270843506,1.4328107681649271
136,66.72796352399996,4.631381511688232,2.051659345626831,1.4172444025462028e-05,0.11624775826931,0.0,2.051659345626831,1.4172444025462028
137,67.25174104799999,4.623528480529785,2.0518362522125244,1.4105717127677053e-05,0.11611205339431763,0.0,2.0518362522125244,1.4105717127677053
138,67.67795495399992,4.618313789367676,2.049292802810669,1.4096328413870651e-05,0.11593878269195557,0.0,2.049292802810669,1.4096328413870651
139,68.12457640899993,4.612924575805664,2.048325777053833,1.4056752661417704e-05,0.11589238047599792,0.0,2.048325777053833,1.4056752661417704
140,68.59149969300006,4.607341289520264,2.0408236980438232,1.4107442439126316e-05,0.1155773401260376,0.0,2.0408236980438232,1.4107442439126316
141,69.05436146900001,4.600952625274658,2.034923553466797,1.4114782970864326e-05,0.11545509099960327,0.0,2.034923553466797,1.4114782970864326
142,69.53407640599994,4.592241287231445,2.028125524520874,1.411587800248526e-05,0.1152527779340744,0.0,2.028125524520874,1.411587800248526
143,70.01374420699995,4.581144332885742,2.023148775100708,1.4075922081246972e-05,0.11504033952951431,0.0,2.023148775100708,1.4075922081246972
144,70.51369279999994,4.569509029388428,2.0191848278045654,1.402729503752198e-05,0.11475947499275208,0.0,2.0191848278045654,1.402729503752198
145,71.00360879899995,4.559499740600586,2.019310712814331,1.394373339280719e-05,0.11458159983158112,0.0,2.019310712814331,1.394373339280719
146,71.46133375599993,4.551257610321045,2.0166749954223633,1.3908947039453778e-05,0.11436878144741058,0.0,2.0166749954223633,1.3908947039453778
147,71.942993764,4.54360818862915,2.0166101455688477,1.3837304322805721e-05,0.11432675272226334,0.0,2.0166101455688477,1.3837304322805721
148,72.38570881400005,4.534978866577148,2.014059543609619,1.3819491869071499e-05,0.11389701068401337,0.0,2.014059543609619,1.3819491869071499
149,72.83215867700005,4.528695106506348,2.0136029720306396,1.3757767192146275e-05,0.1139315515756607,0.0,2.0136029720306396,1.3757767192146275
150,73.34584792999999,4.522685527801514,2.0114800930023193,1.3715854947804473e-05,0.11396197229623795,0.0,2.0114800930023193,1.3715854947804473
151,73.81333048600004,4.517708778381348,2.006242513656616,1.3747100638283882e-05,0.11367562413215637,0.0,2.006242513656616,1.3747100638283882
152,74.28302757999995,4.511226177215576,2.0053908824920654,1.3694134395336732e-05,0.11364217102527618,0.0,2.0053908824920654,1.3694134395336732
153,74.77602490100003,4.505705833435059,2.0010974407196045,1.3713555745198391e-05,0.11332526057958603,0.0,2.0010974407196045,1.3713555745198391
154,75.29737579599987,4.499015808105469,1.9991751909255981,1.3677048627869226e-05,0.11321358382701874,0.0,1.9991751909255981,1.3677048627869226
155,75.82326744400007,4.493933200836182,1.9956756830215454,1.36700582515914e-05,0.11312517523765564,0.0,1.9956756830215454,1.36700582515914
156,76.30645520500002,4.489153861999512,1.9899362325668335,1.369556957797613e-05,0.11296606063842773,0.0,1.9899362325668335,1.369556957797613
157,76.78260789499996,4.4841766357421875,1.9851776361465454,1.3697153917746618e-05,0.1129283457994461,0.0,1.9851776361465454,1.3697153917746618
158,77.30662262200008,4.478621959686279,1.9802199602127075,1.371348844259046e-05,0.11270531266927719,0.0,1.9802199602127075,1.371348844259046
159,77.78044738699987,4.472267150878906,1.9779562950134277,1.368451466987608e-05,0.11258592456579208,0.0,1.9779562950134277,1.368451466987608
160,78.25493793999999,4.465287208557129,1.9767919778823853,1.3647817468154244e-05,0.11237137764692307,0.0,1.9767919778823853,1.3647817468154244
161,78.75728560399989,4.458222389221191,1.9777965545654297,1.3586172826762777e-05,0.11218085885047913,0.0,1.9777965545654297,1.3586172826762777
162,79.29036159199995,4.453333854675293,1.9797697067260742,1.3523334018827882e-05,0.11212306469678879,0.0,1.9797697067260742,1.3523334018827882
163,79.77138570400007,4.449202060699463,1.9787869453430176,1.3514831152861007e-05,0.11189320683479309,0.0,1.9787869453430176,1.3514831152861007
164,80.25434068599998,4.445481777191162,1.9784045219421387,1.3477548236551229e-05,0.11193223297595978,0.0,1.9784045219421387,1.347754823655123
165,80.70674855900006,4.439152240753174,1.9748121500015259,1.3466944437823258e-05,0.1117645800113678,0.0,1.9748121500015259,1.3466944437823258
166,81.14317760199992,4.430909156799316,1.9740463495254517,1.3401480828179047e-05,0.11167149245738983,0.0,1.9740463495254517,1.3401480828179047
167,81.65095602399992,4.425933837890625,1.9696383476257324,1.3436387234833091e-05,0.1112656444311142,0.0,1.9696383476257324,1.3436387234833091
168,82.1606671699999,4.42230224609375,1.9673436880111694,1.3427517842501402e-05,0.11122071743011475,0.0,1.9673436880111694,1.3427517842501402
169,82.62898433200007,4.418952465057373,1.966287612915039,1.340652488579508e-05,0.11120124906301498,0.0,1.966287612915039,1.340652488579508
170,83.08320140699993,4.416437149047852,1.9647871255874634,1.3405153367784806e-05,0.11111344397068024,0.0,1.9647871255874634,1.3405153367784806
171,83.61921219099986,4.411589622497559,1.9613810777664185,1.3409598977887072e-05,0.11092483997344971,0.0,1.9613810777664185,1.3409598977887072
172,84.06915412299986,4.4045844078063965,1.958258032798767,1.3382692486629821e-05,0.11080571264028549,0.0,1.958258032798767,1.3382692486629821
173,84.56453497000007,4.39971399307251,1.9530137777328491,1.3408209269982763e-05,0.110587939620018,0.0,1.9530137777328491,1.3408209269982763
174,85.05110600400008,4.396566390991211,1.95233154296875,1.3379461961449124e-05,0.11062885820865631,0.0,1.95233154296875,1.3379461961449124
175,85.54822694099994,4.393468856811523,1.9516371488571167,1.3369282896746881e-05,0.1104903444647789,0.0,1.9516371488571167,1.3369282896746881
176,86.04158146200007,4.389642715454102,1.9538518190383911,1.3312753253558185e-05,0.11045154184103012,0.0,1.9538518190383911,1.3312753253558185
177,86.55229611999994,4.3845720291137695,1.9520305395126343,1.3301940271048807e-05,0.11023473739624023,0.0,1.9520305395126343,1.3301940271048807
178,87.00910321499987,4.3800129890441895,1.9498467445373535,1.3298775229486637e-05,0.11002887040376663,0.0,1.9498467445373535,1.3298775229486637
179,87.49713207499985,4.375278949737549,1.947285532951355,1.329220503976103e-05,0.10987730324268341,0.0,1.947285532951355,1.329220503976103
180,87.92227371900003,4.370481491088867,1.9458588361740112,1.327144491369836e-05,0.10974779725074768,0.0,1.9458588361740112,1.327144491369836
181,88.38231777500005,4.365880489349365,1.9428730010986328,1.326947494817432e-05,0.10960599780082703,0.0,1.9428730010986328,1.326947494817432
182,88.83876872799988,4.36118221282959,1.9418911933898926,1.3234935977379791e-05,0.10957974195480347,0.0,1.9418911933898926,1.3234935977379791
183,89.30036672999995,4.357091426849365,1.938979148864746,1.3243448847788386e-05,0.10937675088644028,0.0,1.938979148864746,1.3243448847788386
184,89.80853540599992,4.353232383728027,1.9388893842697144,1.321971012657741e-05,0.1092371791601181,0.0,1.9388893842697144,1.321971012657741
185,90.27638893299991,4.350667953491211,1.9391789436340332,1.317813166679116e-05,0.10936756432056427,0.0,1.9391789436340332,1.317813166679116
186,90.74192638799991,4.348694801330566,1.935930848121643,1.3212164049036801e-05,0.10915474593639374,0.0,1.935930848121643,1.32121640490368
187,91.20126645599998,4.344454288482666,1.932005524635315,1.322266962233698e-05,0.10901816934347153,0.0,1.932005524635315,1.322266962233698
188,91.74053570000001,4.338020324707031,1.9280184507369995,1.3209487406129483e-05,0.10890531539916992,0.0,1.9280184507369995,1.3209487406129483
189,92.22863613599998,4.3361287117004395,1.9260390996932983,1.3229942851467058e-05,0.10870951414108276,0.0,1.9260390996932983,1.3229942851467058
190,92.68878606499993,4.3327860832214355,1.9251675605773926,1.321232230111491e-05,0.10863863676786423,0.0,1.9251675605773926,1.321232230111491
191,93.16428634699992,4.331262588500977,1.9264694452285767,1.3183526789362077e-05,0.108644038438797,0.0,1.9264694452285767,1.3183526789362077
192,93.70449136699995,4.329124450683594,1.9278429746627808,1.3156307431927416e-05,0.1085650622844696,0.0,1.9278429746627808,1.3156307431927416
193,94.16961513699994,4.325831413269043,1.9284734725952148,1.3123736607667524e-05,0.10849840939044952,0.0,1.9284734725952148,1.3123736607667524
194,94.67374420600004,4.319083213806152,1.9265724420547485,1.3098711860948242e-05,0.10826393961906433,0.0,1.9265724420547485,1.3098711860948242
195,95.16433176099986,4.314071178436279,1.924258828163147,1.3082957593724132e-05,0.10815165936946869,0.0,1.924258828163147,1.3082957593724132
196,95.67461872600006,4.310568809509277,1.9218772649765015,1.3085538739687763e-05,0.10801374912261963,0.0,1.9218772649765015,1.3085538739687763
197,96.14642769500006,4.307465553283691,1.9199424982070923,1.3088949344819412e-05,0.10786280035972595,0.0,1.9199424982070923,1.3088949344819412
198,96.64007471800005,4.303203582763672,1.917986273765564,1.3078073607175611e-05,0.10774102807044983,0.0,1.917986273765564,1.307807360717561
199,97.12772074200007,4.29949951171875,1.915798306465149,1.3079141353955492e-05,0.10757869482040405,0.0,1.915798306465149,1.3079141353955492
200,97.60990442699995,4.297158241271973,1.9161596298217773,1.3046950698480941e-05,0.10763035714626312,0.0,1.9161596298217773,1.3046950698480941
