run_id,experiment,content,style,size,runtime_s,evals,final_total,final_content,final_style,final_tv,ssim,edge_f1,colour_w1,texture_chi2,eval_style,tv,config
E1_style_weight__tubingen_starry_night_sw1e+02,E1_style_weight,tubingen,starry_night,192x256,124.1,200,0.4687992334365845,0.026909276843070984,0.0013531740987673402,0.03065725602209568,0.88067,0.85416,6.70286,0.47667,-2.88897,0.03066,"{""arch"": ""vgg19"", ""pooling"": ""max"", ""weights"": ""keras"", ""content_layers"": [""conv4_2""], ""style_layers"": [""conv1_1"", ""conv2_1"", ""conv3_1"", ""conv4_1"", ""conv5_1""], ""style_layer_weights"": null, ""content_weight"": 1.0, ""style_weight"": 100.0, ""tv_weight"": 10.0, ""optimizer"": ""lbfgs"", ""lr"": 0.02, ""steps"": 200, ""init"": ""content"", ""preserve_colour"": false, ""style_mix"": null, ""temporal_weight"": 0.0, ""seed"": 0}"
E1_style_weight__tubingen_starry_night_sw1e+03,E1_style_weight,tubingen,starry_night,192x256,113.72,200,0.8138948678970337,0.09665075689554214,0.0001716620463412255,0.054558202624320984,0.82978,0.84841,4.53866,0.34476,-3.73356,0.0532,"{""arch"": ""vgg19"", ""pooling"": ""max"", ""weights"": ""keras"", ""content_layers"": [""conv4_2""], ""style_layers"": [""conv1_1"", ""conv2_1"", ""conv3_1"", ""conv4_1"", ""conv5_1""], ""style_layer_weights"": null, ""content_weight"": 1.0, ""style_weight"": 1000.0, ""tv_weight"": 10.0, ""optimizer"": ""lbfgs"", ""lr"": 0.02, ""steps"": 200, ""init"": ""content"", ""preserve_colour"": false, ""style_mix"": null, ""temporal_weight"": 0.0, ""seed"": 0}"
E1_style_weight__tubingen_starry_night_sw1e+04,E1_style_weight,tubingen,starry_night,192x256,126.99,200,1.6095850467681885,0.33310890197753906,4.9073070840677246e-05,0.07857455313205719,0.61411,0.7671,3.08507,0.1541,-4.2778,0.07609,"{""arch"": ""vgg19"", ""pooling"": ""max"", ""weights"": ""keras"", ""content_layers"": [""conv4_2""], ""style_layers"": [""conv1_1"", ""conv2_1"", ""conv3_1"", ""conv4_1"", ""conv5_1""], ""style_layer_weights"": null, ""content_weight"": 1.0, ""style_weight"": 10000.0, ""tv_weight"": 10.0, ""optimizer"": ""lbfgs"", ""lr"": 0.02, ""steps"": 200, ""init"": ""content"", ""preserve_colour"": false, ""style_mix"": null, ""temporal_weight"": 0.0, ""seed"": 0}"
E1_style_weight__tubingen_starry_night_sw1e+05,E1_style_weight,tubingen,starry_night,192x256,117.99,200,3.441889524459839,1.3579758405685425,1.1502141205710359e-05,0.09336995333433151,0.49107,0.58977,1.96418,0.13724,-4.59502,0.08994,"{""arch"": ""vgg19"", ""pooling"": ""max"", ""weights"": ""keras"", ""content_layers"": [""conv4_2""], ""style_layers"": [""conv1_1"", ""conv2_1"", ""conv3_1"", ""conv4_1"", ""conv5_1""], ""style_layer_weights"": null, ""content_weight"": 1.0, ""style_weight"": 100000.0, ""tv_weight"": 10.0, ""optimizer"": ""lbfgs"", ""lr"": 0.02, ""steps"": 200, ""init"": ""content"", ""preserve_colour"": false, ""style_mix"": null, ""temporal_weight"": 0.0, ""seed"": 0}"
E1_style_weight__tubingen_starry_night_sw1e+06,E1_style_weight,tubingen,starry_night,192x256,119.02,200,7.74601411819458,3.590852975845337,2.9758662094536703e-06,0.11792951822280884,0.41737,0.52502,1.47941,0.02045,-5.10797,0.11563,"{""arch"": ""vgg19"", ""pooling"": ""max"", ""weights"": ""keras"", ""content_layers"": [""conv4_2""], ""style_layers"": [""conv1_1"", ""conv2_1"", ""conv3_1"", ""conv4_1"", ""conv5_1""], ""style_layer_weights"": null, ""content_weight"": 1.0, ""style_weight"": 1000000.0, ""tv_weight"": 10.0, ""optimizer"": ""lbfgs"", ""lr"": 0.02, ""steps"": 200, ""init"": ""content"", ""preserve_colour"": false, ""style_mix"": null, ""temporal_weight"": 0.0, ""seed"": 0}"
E1_style_weight__tubingen_starry_night_sw1e+07,E1_style_weight,tubingen,starry_night,192x256,118.49,200,25.734346389770508,6.175234317779541,1.8102915646522888e-06,0.1456197053194046,0.3734,0.47885,1.66117,0.00373,-5.22174,0.14263,"{""arch"": ""vgg19"", ""pooling"": ""max"", ""weights"": ""keras"", ""content_layers"": [""conv4_2""], ""style_layers"": [""conv1_1"", ""conv2_1"", ""conv3_1"", ""conv4_1"", ""conv5_1""], ""style_layer_weights"": null, ""content_weight"": 1.0, ""style_weight"": 10000000.0, ""tv_weight"": 10.0, ""optimizer"": ""lbfgs"", ""lr"": 0.02, ""steps"": 200, ""init"": ""content"", ""preserve_colour"": false, ""style_mix"": null, ""temporal_weight"": 0.0, ""seed"": 0}"
E2_ratio__cw10_sw1e+06,E2_ratio,tubingen,starry_night,192x256,109.76,200,25.0300235748291,1.278192162513733,1.091525518859271e-05,0.13328462839126587,0.46538,0.58816,1.90258,0.00649,-4.72561,0.12942,"{""arch"": ""vgg19"", ""pooling"": ""max"", ""weights"": ""keras"", ""content_layers"": [""conv4_2""], ""style_layers"": [""conv1_1"", ""conv2_1"", ""conv3_1"", ""conv4_1"", ""conv5_1""], ""style_layer_weights"": null, ""content_weight"": 10, ""style_weight"": 1000000.0, ""tv_weight"": 10.0, ""optimizer"": ""lbfgs"", ""lr"": 0.02, ""steps"": 200, ""init"": ""content"", ""preserve_colour"": false, ""style_mix"": null, ""temporal_weight"": 0.0, ""seed"": 0}"
E2_ratio__cw100_sw1e+07,E2_ratio,tubingen,starry_night,192x256,112.37,200,237.3359832763672,1.2731276750564575,1.084582254406996e-05,0.15649805963039398,0.45673,0.58582,1.93866,0.00788,-4.71827,0.15169,"{""arch"": ""vgg19"", ""pooling"": ""max"", ""weights"": ""keras"", ""content_layers"": [""conv4_2""], ""style_layers"": [""conv1_1"", ""conv2_1"", ""conv3_1"", ""conv4_1"", ""conv5_1""], ""style_layer_weights"": null, ""content_weight"": 100, ""style_weight"": 10000000.0, ""tv_weight"": 10.0, ""optimizer"": ""lbfgs"", ""lr"": 0.02, ""steps"": 200, ""init"": ""content"", ""preserve_colour"": false, ""style_mix"": null, ""temporal_weight"": 0.0, ""seed"": 0}"
E2_ratio__cw10_sw1e+05,E2_ratio,tubingen,starry_night,192x256,114.58,200,8.3163423538208,0.27328354120254517,4.316003469284624e-05,0.1267503947019577,0.55347,0.74109,2.46797,0.00913,-4.43353,0.12356,"{""arch"": ""vgg19"", ""pooling"": ""max"", ""weights"": ""keras"", ""content_layers"": [""conv4_2""], ""style_layers"": [""conv1_1"", ""conv2_1"", ""conv3_1"", ""conv4_1"", ""conv5_1""], ""style_layer_weights"": null, ""content_weight"": 10, ""style_weight"": 100000.0, ""tv_weight"": 10.0, ""optimizer"": ""lbfgs"", ""lr"": 0.02, ""steps"": 200, ""init"": ""content"", ""preserve_colour"": false, ""style_mix"": null, ""temporal_weight"": 0.0, ""seed"": 0}"
E2_ratio__cw100_sw1e+05,E2_ratio,tubingen,starry_night,192x256,112.2,200,16.57356071472168,0.05319580063223839,0.00010016909800469875,0.1237071305513382,0.72537,0.7665,4.34797,0.00954,-4.02887,0.12061,"{""arch"": ""vgg19"", ""pooling"": ""max"", ""weights"": ""keras"", ""content_layers"": [""conv4_2""], ""style_layers"": [""conv1_1"", ""conv2_1"", ""conv3_1"", ""conv4_1"", ""conv5_1""], ""style_layer_weights"": null, ""content_weight"": 100, ""style_weight"": 100000.0, ""tv_weight"": 10.0, ""optimizer"": ""lbfgs"", ""lr"": 0.02, ""steps"": 200, ""init"": ""content"", ""preserve_colour"": false, ""style_mix"": null, ""temporal_weight"": 0.0, ""seed"": 0}"
E3_optimiser__lbfgs,E3_optimiser,tubingen,starry_night,192x256,336.5,600,3.3377771377563477,1.325781226158142,1.1354905836924445e-05,0.08765053004026413,0.49446,0.57465,2.28289,0.20474,-4.48429,0.08367,"{""arch"": ""vgg19"", ""pooling"": ""max"", ""weights"": ""keras"", ""content_layers"": [""conv4_2""], ""style_layers"": [""conv1_1"", ""conv2_1"", ""conv3_1"", ""conv4_1"", ""conv5_1""], ""style_layer_weights"": null, ""content_weight"": 1.0, ""style_weight"": 100000.0, ""tv_weight"": 10.0, ""optimizer"": ""lbfgs"", ""lr"": 0.02, ""steps"": 600, ""init"": ""content"", ""preserve_colour"": false, ""style_mix"": null, ""temporal_weight"": 0.0, ""seed"": 0}"
E3_optimiser__adam_lr0.005,E3_optimiser,tubingen,starry_night,192x256,308.69,600,3.866636276245117,1.5042563676834106,1.278431955142878e-05,0.1083947941660881,0.52687,0.6057,1.90901,0.08419,-4.84184,0.10837,"{""arch"": ""vgg19"", ""pooling"": ""max"", ""weights"": ""keras"", ""content_layers"": [""conv4_2""], ""style_layers"": [""conv1_1"", ""conv2_1"", ""conv3_1"", ""conv4_1"", ""conv5_1""], ""style_layer_weights"": null, ""content_weight"": 1.0, ""style_weight"": 100000.0, ""tv_weight"": 10.0, ""optimizer"": ""adam"", ""lr"": 0.005, ""steps"": 600, ""init"": ""content"", ""preserve_colour"": false, ""style_mix"": null, ""temporal_weight"": 0.0, ""seed"": 0}"
E3_optimiser__adam_lr0.02,E3_optimiser,tubingen,starry_night,192x256,312.04,600,3.482166290283203,1.3828366994857788,1.1424896911194082e-05,0.0956840068101883,0.4474,0.58928,1.69711,0.145,-4.87422,0.09565,"{""arch"": ""vgg19"", ""pooling"": ""max"", ""weights"": ""keras"", ""content_layers"": [""conv4_2""], ""style_layers"": [""conv1_1"", ""conv2_1"", ""conv3_1"", ""conv4_1"", ""conv5_1""], ""style_layer_weights"": null, ""content_weight"": 1.0, ""style_weight"": 100000.0, ""tv_weight"": 10.0, ""optimizer"": ""adam"", ""lr"": 0.02, ""steps"": 600, ""init"": ""content"", ""preserve_colour"": false, ""style_mix"": null, ""temporal_weight"": 0.0, ""seed"": 0}"
E3_optimiser__adam_lr0.05,E3_optimiser,tubingen,starry_night,192x256,317.96,600,3.4860548973083496,1.3708295822143555,1.1638256182777695e-05,0.09513996541500092,0.33084,0.53141,1.83326,0.07883,-4.87979,0.09514,"{""arch"": ""vgg19"", ""pooling"": ""max"", ""weights"": ""keras"", ""content_layers"": [""conv4_2""], ""style_layers"": [""conv1_1"", ""conv2_1"", ""conv3_1"", ""conv4_1"", ""conv5_1""], ""style_layer_weights"": null, ""content_weight"": 1.0, ""style_weight"": 100000.0, ""tv_weight"": 10.0, ""optimizer"": ""adam"", ""lr"": 0.05, ""steps"": 600, ""init"": ""content"", ""preserve_colour"": false, ""style_mix"": null, ""temporal_weight"": 0.0, ""seed"": 0}"
E3_optimiser__sgd_lr0.5,E3_optimiser,tubingen,starry_night,192x256,315.38,600,3.5789060592651367,1.4116073846817017,1.185905966849532e-05,0.09813928604125977,0.36555,0.57698,1.63531,0.14627,-4.86497,0.09813,"{""arch"": ""vgg19"", ""pooling"": ""max"", ""weights"": ""keras"", ""content_layers"": [""conv4_2""], ""style_layers"": [""conv1_1"", ""conv2_1"", ""conv3_1"", ""conv4_1"", ""conv5_1""], ""style_layer_weights"": null, ""content_weight"": 1.0, ""style_weight"": 100000.0, ""tv_weight"": 10.0, ""optimizer"": ""sgd"", ""lr"": 0.5, ""steps"": 600, ""init"": ""content"", ""preserve_colour"": false, ""style_mix"": null, ""temporal_weight"": 0.0, ""seed"": 0}"
E4_init__content,E4_init,tubingen,starry_night,192x256,223.3,400,3.3625500202178955,1.334164023399353,1.1384459867258556e-05,0.08899400383234024,0.49244,0.58223,2.18566,0.18613,-4.51328,0.08517,"{""arch"": ""vgg19"", ""pooling"": ""max"", ""weights"": ""keras"", ""content_layers"": [""conv4_2""], ""style_layers"": [""conv1_1"", ""conv2_1"", ""conv3_1"", ""conv4_1"", ""conv5_1""], ""style_layer_weights"": null, ""content_weight"": 1.0, ""style_weight"": 100000.0, ""tv_weight"": 10.0, ""optimizer"": ""lbfgs"", ""lr"": 0.02, ""steps"": 400, ""init"": ""content"", ""preserve_colour"": false, ""style_mix"": null, ""temporal_weight"": 0.0, ""seed"": 0}"
E4_init__style,E4_init,tubingen,starry_night,192x256,230.3,400,3.4665722846984863,1.5446563959121704,1.0008141543949023e-05,0.09211017191410065,0.17303,0.34982,2.09016,0.16858,-4.70255,0.089,"{""arch"": ""vgg19"", ""pooling"": ""max"", ""weights"": ""keras"", ""content_layers"": [""conv4_2""], ""style_layers"": [""conv1_1"", ""conv2_1"", ""conv3_1"", ""conv4_1"", ""conv5_1""], ""style_layer_weights"": null, ""content_weight"": 1.0, ""style_weight"": 100000.0, ""tv_weight"": 10.0, ""optimizer"": ""lbfgs"", ""lr"": 0.02, ""steps"": 400, ""init"": ""style"", ""preserve_colour"": false, ""style_mix"": null, ""temporal_weight"": 0.0, ""seed"": 0}"
E4_init__noise,E4_init,tubingen,starry_night,192x256,222.14,400,3.502965211868286,1.5020748376846313,1.0852410923689604e-05,0.09156492352485657,0.1693,0.33519,2.28669,0.16484,-4.56089,0.08744,"{""arch"": ""vgg19"", ""pooling"": ""max"", ""weights"": ""keras"", ""content_layers"": [""conv4_2""], ""style_layers"": [""conv1_1"", ""conv2_1"", ""conv3_1"", ""conv4_1"", ""conv5_1""], ""style_layer_weights"": null, ""content_weight"": 1.0, ""style_weight"": 100000.0, ""tv_weight"": 10.0, ""optimizer"": ""lbfgs"", ""lr"": 0.02, ""steps"": 400, ""init"": ""noise"", ""preserve_colour"": false, ""style_mix"": null, ""temporal_weight"": 0.0, ""seed"": 0}"
E4_init__noise_seed1,E4_init,tubingen,starry_night,192x256,224.91,400,3.4823708534240723,1.5002549886703491,1.0557141649769619e-05,0.09264014661312103,0.15875,0.33658,2.36309,0.16561,-4.56846,0.08864,"{""arch"": ""vgg19"", ""pooling"": ""max"", ""weights"": ""keras"", ""content_layers"": [""conv4_2""], ""style_layers"": [""conv1_1"", ""conv2_1"", ""conv3_1"", ""conv4_1"", ""conv5_1""], ""style_layer_weights"": null, ""content_weight"": 1.0, ""style_weight"": 100000.0, ""tv_weight"": 10.0, ""optimizer"": ""lbfgs"", ""lr"": 0.02, ""steps"": 400, ""init"": ""noise"", ""preserve_colour"": false, ""style_mix"": null, ""temporal_weight"": 0.0, ""seed"": 1}"
E5_style_layers__L1,E5_style_layers,tubingen,starry_night,192x256,82.8,200,1.2134628295898438,0.3177662789821625,4.3078046019218164e-07,0.08526185899972916,0.57639,0.73927,2.08868,0.15798,-4.25562,0.08225,"{""arch"": ""vgg19"", ""pooling"": ""max"", ""weights"": ""keras"", ""content_layers"": [""conv4_2""], ""style_layers"": [""conv1_1""], ""style_layer_weights"": null, ""content_weight"": 1.0, ""style_weight"": 100000.0, ""tv_weight"": 10.0, ""optimizer"": ""lbfgs"", ""lr"": 0.02, ""steps"": 200, ""init"": ""content"", ""preserve_colour"": false, ""style_mix"": null, ""temporal_weight"": 0.0, ""seed"": 0}"
E5_style_layers__L12,E5_style_layers,tubingen,starry_night,192x256,90.23,200,1.437267780303955,0.41257166862487793,1.2485496654335293e-06,0.08998410403728485,0.55499,0.67993,2.22322,0.13587,-4.34893,0.08642,"{""arch"": ""vgg19"", ""pooling"": ""max"", ""weights"": ""keras"", ""content_layers"": [""conv4_2""], ""style_layers"": [""conv1_1"", ""conv2_1""], ""style_layer_weights"": null, ""content_weight"": 1.0, ""style_weight"": 100000.0, ""tv_weight"": 10.0, ""optimizer"": ""lbfgs"", ""lr"": 0.02, ""steps"": 200, ""init"": ""content"", ""preserve_colour"": false, ""style_mix"": null, ""temporal_weight"": 0.0, ""seed"": 0}"
E5_style_layers__L123,E5_style_layers,tubingen,starry_night,192x256,94.71,200,1.8641269207000732,0.656013548374176,2.920594397437526e-06,0.09160539507865906,0.53715,0.61696,2.03271,0.13581,-4.45895,0.08827,"{""arch"": ""vgg19"", ""pooling"": ""max"", ""weights"": ""keras"", ""content_layers"": [""conv4_2""], ""style_layers"": [""conv1_1"", ""conv2_1"", ""conv3_1""], ""style_layer_weights"": null, ""content_weight"": 1.0, ""style_weight"": 100000.0, ""tv_weight"": 10.0, ""optimizer"": ""lbfgs"", ""lr"": 0.02, ""steps"": 200, ""init"": ""content"", ""preserve_colour"": false, ""style_mix"": null, ""temporal_weight"": 0.0, ""seed"": 0}"
E5_style_layers__L12345,E5_style_layers,tubingen,starry_night,192x256,110.19,200,3.441889524459839,1.3579758405685425,1.1502141205710359e-05,0.09336995333433151,0.49107,0.58977,1.96418,0.13724,-4.59502,0.08994,"{""arch"": ""vgg19"", ""pooling"": ""max"", ""weights"": ""keras"", ""content_layers"": [""conv4_2""], ""style_layers"": [""conv1_1"", ""conv2_1"", ""conv3_1"", ""conv4_1"", ""conv5_1""], ""style_layer_weights"": null, ""content_weight"": 1.0, ""style_weight"": 100000.0, ""tv_weight"": 10.0, ""optimizer"": ""lbfgs"", ""lr"": 0.02, ""steps"": 200, ""init"": ""content"", ""preserve_colour"": false, ""style_mix"": null, ""temporal_weight"": 0.0, ""seed"": 0}"
E5_style_layers__L345,E5_style_layers,tubingen,starry_night,192x256,105.38,200,3.1447105407714844,1.1957424879074097,1.2409105693222955e-05,0.07080575078725815,0.59226,0.68702,4.45715,0.13702,-3.38036,0.06932,"{""arch"": ""vgg19"", ""pooling"": ""max"", ""weights"": ""keras"", ""content_layers"": [""conv4_2""], ""style_layers"": [""conv3_1"", ""conv4_1"", ""conv5_1""], ""style_layer_weights"": null, ""content_weight"": 1.0, ""style_weight"": 100000.0, ""tv_weight"": 10.0, ""optimizer"": ""lbfgs"", ""lr"": 0.02, ""steps"": 200, ""init"": ""content"", ""preserve_colour"": false, ""style_mix"": null, ""temporal_weight"": 0.0, ""seed"": 0}"
E5_content_layer__conv2_2,E5_content_layer,tubingen,starry_night,192x256,113.95,200,4.021842956542969,2.0725409984588623,9.419763955520466e-06,0.10073257982730865,0.67148,0.81325,3.24852,0.07737,-4.54543,0.09632,"{""arch"": ""vgg19"", ""pooling"": ""max"", ""weights"": ""keras"", ""content_layers"": [""conv2_2""], ""style_layers"": [""conv1_1"", ""conv2_1"", ""conv3_1"", ""conv4_1"", ""conv5_1""], ""style_layer_weights"": null, ""content_weight"": 1.0, ""style_weight"": 100000.0, ""tv_weight"": 10.0, ""optimizer"": ""lbfgs"", ""lr"": 0.02, ""steps"": 200, ""init"": ""content"", ""preserve_colour"": false, ""style_mix"": null, ""temporal_weight"": 0.0, ""seed"": 0}"
E5_content_layer__conv3_2,E5_content_layer,tubingen,starry_night,192x256,115.57,200,2.891770362854004,1.2189933061599731,7.504525456170086e-06,0.09223246574401855,0.53788,0.73456,2.33689,0.1477,-4.62037,0.08869,"{""arch"": ""vgg19"", ""pooling"": ""max"", ""weights"": ""keras"", ""content_layers"": [""conv3_2""], ""style_layers"": [""conv1_1"", ""conv2_1"", ""conv3_1"", ""conv4_1"", ""conv5_1""], ""style_layer_weights"": null, ""content_weight"": 1.0, ""style_weight"": 100000.0, ""tv_weight"": 10.0, ""optimizer"": ""lbfgs"", ""lr"": 0.02, ""steps"": 200, ""init"": ""content"", ""preserve_colour"": false, ""style_mix"": null, ""temporal_weight"": 0.0, ""seed"": 0}"
E5_content_layer__conv4_2,E5_content_layer,tubingen,starry_night,192x256,113.97,200,3.441889524459839,1.3579758405685425,1.1502141205710359e-05,0.09336995333433151,0.49107,0.58977,1.96418,0.13724,-4.59502,0.08994,"{""arch"": ""vgg19"", ""pooling"": ""max"", ""weights"": ""keras"", ""content_layers"": [""conv4_2""], ""style_layers"": [""conv1_1"", ""conv2_1"", ""conv3_1"", ""conv4_1"", ""conv5_1""], ""style_layer_weights"": null, ""content_weight"": 1.0, ""style_weight"": 100000.0, ""tv_weight"": 10.0, ""optimizer"": ""lbfgs"", ""lr"": 0.02, ""steps"": 200, ""init"": ""content"", ""preserve_colour"": false, ""style_mix"": null, ""temporal_weight"": 0.0, ""seed"": 0}"
E5_content_layer__conv5_2,E5_content_layer,tubingen,starry_night,192x256,117.08,200,3.5831336975097656,0.622872531414032,1.9968678316217847e-05,0.09633934497833252,0.45004,0.54928,2.13442,0.09217,-4.63302,0.09327,"{""arch"": ""vgg19"", ""pooling"": ""max"", ""weights"": ""keras"", ""content_layers"": [""conv5_2""], ""style_layers"": [""conv1_1"", ""conv2_1"", ""conv3_1"", ""conv4_1"", ""conv5_1""], ""style_layer_weights"": null, ""content_weight"": 1.0, ""style_weight"": 100000.0, ""tv_weight"": 10.0, ""optimizer"": ""lbfgs"", ""lr"": 0.02, ""steps"": 200, ""init"": ""content"", ""preserve_colour"": false, ""style_mix"": null, ""temporal_weight"": 0.0, ""seed"": 0}"
E6_architecture__tubingen_starry_night_vgg16_max,E6_architecture,tubingen,starry_night,192x256,96.93,200,4.085563659667969,1.4689851999282837,1.6223792044911534e-05,0.09941990673542023,0.4875,0.60469,1.83623,0.10022,-4.62101,0.09627,"{""arch"": ""vgg16"", ""pooling"": ""max"", ""weights"": ""keras"", ""content_layers"": [""conv4_2""], ""style_layers"": [""conv1_1"", ""conv2_1"", ""conv3_1"", ""conv4_1"", ""conv5_1""], ""style_layer_weights"": null, ""content_weight"": 1.0, ""style_weight"": 100000.0, ""tv_weight"": 10.0, ""optimizer"": ""lbfgs"", ""lr"": 0.02, ""steps"": 200, ""init"": ""content"", ""preserve_colour"": false, ""style_mix"": null, ""temporal_weight"": 0.0, ""seed"": 0}"
E6_architecture__tubingen_starry_night_vgg16_avg,E6_architecture,tubingen,starry_night,192x256,101.73,200,4.038040637969971,1.44196355342865,1.6745909306337126e-05,0.09214860200881958,0.48309,0.58668,1.98123,0.16243,-4.6411,0.08984,"{""arch"": ""vgg16"", ""pooling"": ""avg"", ""weights"": ""keras"", ""content_layers"": [""conv4_2""], ""style_layers"": [""conv1_1"", ""conv2_1"", ""conv3_1"", ""conv4_1"", ""conv5_1""], ""style_layer_weights"": null, ""content_weight"": 1.0, ""style_weight"": 100000.0, ""tv_weight"": 10.0, ""optimizer"": ""lbfgs"", ""lr"": 0.02, ""steps"": 200, ""init"": ""content"", ""preserve_colour"": false, ""style_mix"": null, ""temporal_weight"": 0.0, ""seed"": 0}"
E6_architecture__tubingen_starry_night_vgg19_max,E6_architecture,tubingen,starry_night,192x256,113.87,200,3.441889524459839,1.3579758405685425,1.1502141205710359e-05,0.09336995333433151,0.49107,0.58977,1.96418,0.13724,-4.59502,0.08994,"{""arch"": ""vgg19"", ""pooling"": ""max"", ""weights"": ""keras"", ""content_layers"": [""conv4_2""], ""style_layers"": [""conv1_1"", ""conv2_1"", ""conv3_1"", ""conv4_1"", ""conv5_1""], ""style_layer_weights"": null, ""content_weight"": 1.0, ""style_weight"": 100000.0, ""tv_weight"": 10.0, ""optimizer"": ""lbfgs"", ""lr"": 0.02, ""steps"": 200, ""init"": ""content"", ""preserve_colour"": false, ""style_mix"": null, ""temporal_weight"": 0.0, ""seed"": 0}"
E6_architecture__tubingen_starry_night_vgg19_avg,E6_architecture,tubingen,starry_night,192x256,112.52,200,3.265535354614258,1.2758898735046387,1.092763341148384e-05,0.08968819677829742,0.48873,0.58071,1.88594,0.19713,-4.75534,0.08735,"{""arch"": ""vgg19"", ""pooling"": ""avg"", ""weights"": ""keras"", ""content_layers"": [""conv4_2""], ""style_layers"": [""conv1_1"", ""conv2_1"", ""conv3_1"", ""conv4_1"", ""conv5_1""], ""style_layer_weights"": null, ""content_weight"": 1.0, ""style_weight"": 100000.0, ""tv_weight"": 10.0, ""optimizer"": ""lbfgs"", ""lr"": 0.02, ""steps"": 200, ""init"": ""content"", ""preserve_colour"": false, ""style_mix"": null, ""temporal_weight"": 0.0, ""seed"": 0}"
E7_portfolio__tubingen_starry_night,E7_portfolio,tubingen,starry_night,192x256,119.37,200,3.441889524459839,1.3579758405685425,1.1502141205710359e-05,0.09336995333433151,0.49107,0.58977,1.96418,0.13724,-4.59502,0.08994,"{""arch"": ""vgg19"", ""pooling"": ""max"", ""weights"": ""keras"", ""content_layers"": [""conv4_2""], ""style_layers"": [""conv1_1"", ""conv2_1"", ""conv3_1"", ""conv4_1"", ""conv5_1""], ""style_layer_weights"": null, ""content_weight"": 1.0, ""style_weight"": 100000.0, ""tv_weight"": 10.0, ""optimizer"": ""lbfgs"", ""lr"": 0.02, ""steps"": 200, ""init"": ""content"", ""preserve_colour"": false, ""style_mix"": null, ""temporal_weight"": 0.0, ""seed"": 0}"
E7_portfolio__tubingen_scream,E7_portfolio,tubingen,scream,192x256,114.34,200,1.9354820251464844,0.6228296160697937,8.13892165751895e-06,0.04987601935863495,0.63631,0.68943,5.25511,0.11633,-4.6874,0.04743,"{""arch"": ""vgg19"", ""pooling"": ""max"", ""weights"": ""keras"", ""content_layers"": [""conv4_2""], ""style_layers"": [""conv1_1"", ""conv2_1"", ""conv3_1"", ""conv4_1"", ""conv5_1""], ""style_layer_weights"": null, ""content_weight"": 1.0, ""style_weight"": 100000.0, ""tv_weight"": 10.0, ""optimizer"": ""lbfgs"", ""lr"": 0.02, ""steps"": 200, ""init"": ""content"", ""preserve_colour"": false, ""style_mix"": null, ""temporal_weight"": 0.0, ""seed"": 0}"
E7_portfolio__tubingen_wave,E7_portfolio,tubingen,wave,192x256,108.59,200,2.144413471221924,0.610073983669281,7.732087397016585e-06,0.07611307501792908,0.66707,0.64058,5.21865,0.13698,-4.43305,0.07087,"{""arch"": ""vgg19"", ""pooling"": ""max"", ""weights"": ""keras"", ""content_layers"": [""conv4_2""], ""style_layers"": [""conv1_1"", ""conv2_1"", ""conv3_1"", ""conv4_1"", ""conv5_1""], ""style_layer_weights"": null, ""content_weight"": 1.0, ""style_weight"": 100000.0, ""tv_weight"": 10.0, ""optimizer"": ""lbfgs"", ""lr"": 0.02, ""steps"": 200, ""init"": ""content"", ""preserve_colour"": false, ""style_mix"": null, ""temporal_weight"": 0.0, ""seed"": 0}"
E7_portfolio__tubingen_shipwreck,E7_portfolio,tubingen,shipwreck,192x256,112.75,200,1.3336002826690674,0.4167664051055908,4.742884812003467e-06,0.044254548847675323,0.68254,0.71522,4.68674,0.13454,-4.78709,0.04125,"{""arch"": ""vgg19"", ""pooling"": ""max"", ""weights"": ""keras"", ""content_layers"": [""conv4_2""], ""style_layers"": [""conv1_1"", ""conv2_1"", ""conv3_1"", ""conv4_1"", ""conv5_1""], ""style_layer_weights"": null, ""content_weight"": 1.0, ""style_weight"": 100000.0, ""tv_weight"": 10.0, ""optimizer"": ""lbfgs"", ""lr"": 0.02, ""steps"": 200, ""init"": ""content"", ""preserve_colour"": false, ""style_mix"": null, ""temporal_weight"": 0.0, ""seed"": 0}"
E7_portfolio__coffee_starry_night,E7_portfolio,coffee,starry_night,171x256,94.92,200,4.496481418609619,2.1081085205078125,1.480204809922725e-05,0.09081682562828064,0.449,0.6341,6.48292,0.09197,-3.75172,0.08293,"{""arch"": ""vgg19"", ""pooling"": ""max"", ""weights"": ""keras"", ""content_layers"": [""conv4_2""], ""style_layers"": [""conv1_1"", ""conv2_1"", ""conv3_1"", ""conv4_1"", ""conv5_1""], ""style_layer_weights"": null, ""content_weight"": 1.0, ""style_weight"": 100000.0, ""tv_weight"": 10.0, ""optimizer"": ""lbfgs"", ""lr"": 0.02, ""steps"": 200, ""init"": ""content"", ""preserve_colour"": false, ""style_mix"": null, ""temporal_weight"": 0.0, ""seed"": 0}"
E7_portfolio__coffee_scream,E7_portfolio,coffee,scream,171x256,99.4,200,2.2756056785583496,0.7942877411842346,9.981773473555222e-06,0.04831407219171524,0.62699,0.72427,7.54715,0.13755,-4.50963,0.04506,"{""arch"": ""vgg19"", ""pooling"": ""max"", ""weights"": ""keras"", ""content_layers"": [""conv4_2""], ""style_layers"": [""conv1_1"", ""conv2_1"", ""conv3_1"", ""conv4_1"", ""conv5_1""], ""style_layer_weights"": null, ""content_weight"": 1.0, ""style_weight"": 100000.0, ""tv_weight"": 10.0, ""optimizer"": ""lbfgs"", ""lr"": 0.02, ""steps"": 200, ""init"": ""content"", ""preserve_colour"": false, ""style_mix"": null, ""temporal_weight"": 0.0, ""seed"": 0}"
E7_portfolio__coffee_wave,E7_portfolio,coffee,wave,171x256,99.76,200,3.1579132080078125,1.3113652467727661,1.1080359399784356e-05,0.07385121285915375,0.49331,0.67905,5.26805,0.1018,-4.20258,0.06895,"{""arch"": ""vgg19"", ""pooling"": ""max"", ""weights"": ""keras"", ""content_layers"": [""conv4_2""], ""style_layers"": [""conv1_1"", ""conv2_1"", ""conv3_1"", ""conv4_1"", ""conv5_1""], ""style_layer_weights"": null, ""content_weight"": 1.0, ""style_weight"": 100000.0, ""tv_weight"": 10.0, ""optimizer"": ""lbfgs"", ""lr"": 0.02, ""steps"": 200, ""init"": ""content"", ""preserve_colour"": false, ""style_mix"": null, ""temporal_weight"": 0.0, ""seed"": 0}"
E7_portfolio__coffee_shipwreck,E7_portfolio,coffee,shipwreck,171x256,101.48,200,2.3227908611297607,0.9874342679977417,8.73717090144055e-06,0.04616394639015198,0.57818,0.74205,6.7619,0.09986,-4.54919,0.04268,"{""arch"": ""vgg19"", ""pooling"": ""max"", ""weights"": ""keras"", ""content_layers"": [""conv4_2""], ""style_layers"": [""conv1_1"", ""conv2_1"", ""conv3_1"", ""conv4_1"", ""conv5_1""], ""style_layer_weights"": null, ""content_weight"": 1.0, ""style_weight"": 100000.0, ""tv_weight"": 10.0, ""optimizer"": ""lbfgs"", ""lr"": 0.02, ""steps"": 200, ""init"": ""content"", ""preserve_colour"": false, ""style_mix"": null, ""temporal_weight"": 0.0, ""seed"": 0}"
E7_portfolio__house_abstract,E7_portfolio,house,abstract,200x256,113.6,200,3.3800320625305176,1.9403579235076904,9.862069418886676e-06,0.0453467071056366,0.46064,0.53545,8.88636,0.33993,-4.02363,0.04123,"{""arch"": ""vgg19"", ""pooling"": ""max"", ""weights"": ""keras"", ""content_layers"": [""conv4_2""], ""style_layers"": [""conv1_1"", ""conv2_1"", ""conv3_1"", ""conv4_1"", ""conv5_1""], ""style_layer_weights"": null, ""content_weight"": 1.0, ""style_weight"": 100000.0, ""tv_weight"": 10.0, ""optimizer"": ""lbfgs"", ""lr"": 0.02, ""steps"": 200, ""init"": ""content"", ""preserve_colour"": false, ""style_mix"": null, ""temporal_weight"": 0.0, ""seed"": 0}"
E8_colour__tubingen_starry_night_preserve,E8_colour,tubingen,starry_night,192x256,115.32,200,1.5382752418518066,0.4683220088481903,4.338904545875266e-06,0.06360626965761185,0.81191,0.82145,7.97098,0.12761,-3.06912,0.07203,"{""arch"": ""vgg19"", ""pooling"": ""max"", ""weights"": ""keras"", ""content_layers"": [""conv4_2""], ""style_layers"": [""conv1_1"", ""conv2_1"", ""conv3_1"", ""conv4_1"", ""conv5_1""], ""style_layer_weights"": null, ""content_weight"": 1.0, ""style_weight"": 100000.0, ""tv_weight"": 10.0, ""optimizer"": ""lbfgs"", ""lr"": 0.02, ""steps"": 200, ""init"": ""content"", ""preserve_colour"": true, ""style_mix"": null, ""temporal_weight"": 0.0, ""seed"": 0}"
E8_multistyle__starry0.25_scream0.75,E8_multistyle,tubingen,starry_night+scream,192x256,114.98,200,2.0150575637817383,0.6359877586364746,7.592770089104306e-06,0.0619792714715004,0.56319,0.62387,10.85942,0.16153,-2.87062,0.0601,"{""arch"": ""vgg19"", ""pooling"": ""max"", ""weights"": ""keras"", ""content_layers"": [""conv4_2""], ""style_layers"": [""conv1_1"", ""conv2_1"", ""conv3_1"", ""conv4_1"", ""conv5_1""], ""style_layer_weights"": null, ""content_weight"": 1.0, ""style_weight"": 100000.0, ""tv_weight"": 10.0, ""optimizer"": ""lbfgs"", ""lr"": 0.02, ""steps"": 200, ""init"": ""content"", ""preserve_colour"": false, ""style_mix"": [0.25, 0.75], ""temporal_weight"": 0.0, ""seed"": 0}"
E8_multistyle__starry0.5_scream0.5,E8_multistyle,tubingen,starry_night+scream,192x256,114.89,200,2.336491346359253,0.7871573567390442,8.236134817707352e-06,0.07257205247879028,0.55571,0.6259,7.43456,0.15372,-3.19662,0.07054,"{""arch"": ""vgg19"", ""pooling"": ""max"", ""weights"": ""keras"", ""content_layers"": [""conv4_2""], ""style_layers"": [""conv1_1"", ""conv2_1"", ""conv3_1"", ""conv4_1"", ""conv5_1""], ""style_layer_weights"": null, ""content_weight"": 1.0, ""style_weight"": 100000.0, ""tv_weight"": 10.0, ""optimizer"": ""lbfgs"", ""lr"": 0.02, ""steps"": 200, ""init"": ""content"", ""preserve_colour"": false, ""style_mix"": [0.5, 0.5], ""temporal_weight"": 0.0, ""seed"": 0}"
E8_multistyle__starry0.75_scream0.25,E8_multistyle,tubingen,starry_night+scream,192x256,116.26,200,2.814364194869995,1.0481314659118652,9.355373549624346e-06,0.08306953310966492,0.52312,0.61311,4.2437,0.14114,-3.68694,0.08042,"{""arch"": ""vgg19"", ""pooling"": ""max"", ""weights"": ""keras"", ""content_layers"": [""conv4_2""], ""style_layers"": [""conv1_1"", ""conv2_1"", ""conv3_1"", ""conv4_1"", ""conv5_1""], ""style_layer_weights"": null, ""content_weight"": 1.0, ""style_weight"": 100000.0, ""tv_weight"": 10.0, ""optimizer"": ""lbfgs"", ""lr"": 0.02, ""steps"": 200, ""init"": ""content"", ""preserve_colour"": false, ""style_mix"": [0.75, 0.25], ""temporal_weight"": 0.0, ""seed"": 0}"
E9_highres__tubingen_starry_512,E9_highres,tubingen,starry_night,384x512,764.41,300,2.706061601638794,1.115598201751709,7.0714959292672575e-06,0.08833138644695282,0.53578,0.58546,3.24586,0.18737,-3.77409,0.07987,"{""arch"": ""vgg19"", ""pooling"": ""max"", ""weights"": ""keras"", ""content_layers"": [""conv4_2""], ""style_layers"": [""conv1_1"", ""conv2_1"", ""conv3_1"", ""conv4_1"", ""conv5_1""], ""style_layer_weights"": null, ""content_weight"": 1.0, ""style_weight"": 100000.0, ""tv_weight"": 10.0, ""optimizer"": ""lbfgs"", ""lr"": 0.02, ""steps"": 300, ""init"": ""content"", ""preserve_colour"": false, ""style_mix"": null, ""temporal_weight"": 0.0, ""seed"": 0}"
E1_style_weight__portrait_wave_sw1e+02,E1_style_weight,portrait,wave,171x256,106.1,200,0.390663206577301,0.01668350212275982,0.0010856674052774906,0.026541294530034065,0.91654,0.86446,5.12719,0.46819,-2.97538,0.02654,"{""arch"": ""vgg19"", ""pooling"": ""max"", ""weights"": ""keras"", ""content_layers"": [""conv4_2""], ""style_layers"": [""conv1_1"", ""conv2_1"", ""conv3_1"", ""conv4_1"", ""conv5_1""], ""style_layer_weights"": null, ""content_weight"": 1.0, ""style_weight"": 100.0, ""tv_weight"": 10.0, ""optimizer"": ""lbfgs"", ""lr"": 0.02, ""steps"": 200, ""init"": ""content"", ""preserve_colour"": false, ""style_mix"": null, ""temporal_weight"": 0.0, ""seed"": 0}"
E1_style_weight__portrait_wave_sw1e+03,E1_style_weight,portrait,wave,171x256,86.91,200,0.6320406198501587,0.06827877461910248,0.00011307736713206396,0.04506845027208328,0.84695,0.82248,4.14796,0.36852,-3.86413,0.04384,"{""arch"": ""vgg19"", ""pooling"": ""max"", ""weights"": ""keras"", ""content_layers"": [""conv4_2""], ""style_layers"": [""conv1_1"", ""conv2_1"", ""conv3_1"", ""conv4_1"", ""conv5_1""], ""style_layer_weights"": null, ""content_weight"": 1.0, ""style_weight"": 1000.0, ""tv_weight"": 10.0, ""optimizer"": ""lbfgs"", ""lr"": 0.02, ""steps"": 200, ""init"": ""content"", ""preserve_colour"": false, ""style_mix"": null, ""temporal_weight"": 0.0, ""seed"": 0}"
E1_style_weight__portrait_wave_sw1e+04,E1_style_weight,portrait,wave,171x256,89.4,200,1.004448413848877,0.18886354565620422,2.7858179237227887e-05,0.05370030552148819,0.7938,0.78927,2.5627,0.3012,-4.12711,0.05105,"{""arch"": ""vgg19"", ""pooling"": ""max"", ""weights"": ""keras"", ""content_layers"": [""conv4_2""], ""style_layers"": [""conv1_1"", ""conv2_1"", ""conv3_1"", ""conv4_1"", ""conv5_1""], ""style_layer_weights"": null, ""content_weight"": 1.0, ""style_weight"": 10000.0, ""tv_weight"": 10.0, ""optimizer"": ""lbfgs"", ""lr"": 0.02, ""steps"": 200, ""init"": ""content"", ""preserve_colour"": false, ""style_mix"": null, ""temporal_weight"": 0.0, ""seed"": 0}"
E1_style_weight__portrait_wave_sw1e+05,E1_style_weight,portrait,wave,171x256,90.29,200,2.133063793182373,0.6376895904541016,8.154774150170851e-06,0.06798968464136124,0.6748,0.69825,1.97305,0.18833,-4.47171,0.06494,"{""arch"": ""vgg19"", ""pooling"": ""max"", ""weights"": ""keras"", ""content_layers"": [""conv4_2""], ""style_layers"": [""conv1_1"", ""conv2_1"", ""conv3_1"", ""conv4_1"", ""conv5_1""], ""style_layer_weights"": null, ""content_weight"": 1.0, ""style_weight"": 100000.0, ""tv_weight"": 10.0, ""optimizer"": ""lbfgs"", ""lr"": 0.02, ""steps"": 200, ""init"": ""content"", ""preserve_colour"": false, ""style_mix"": null, ""temporal_weight"": 0.0, ""seed"": 0}"
E1_style_weight__portrait_wave_sw1e+06,E1_style_weight,portrait,wave,171x256,87.05,200,5.024035930633545,2.3068628311157227,1.8245211776957149e-06,0.08926519751548767,0.54392,0.57337,1.36297,0.04165,-5.26361,0.08784,"{""arch"": ""vgg19"", ""pooling"": ""max"", ""weights"": ""keras"", ""content_layers"": [""conv4_2""], ""style_layers"": [""conv1_1"", ""conv2_1"", ""conv3_1"", ""conv4_1"", ""conv5_1""], ""style_layer_weights"": null, ""content_weight"": 1.0, ""style_weight"": 1000000.0, ""tv_weight"": 10.0, ""optimizer"": ""lbfgs"", ""lr"": 0.02, ""steps"": 200, ""init"": ""content"", ""preserve_colour"": false, ""style_mix"": null, ""temporal_weight"": 0.0, ""seed"": 0}"
E1_style_weight__portrait_wave_sw1e+07,E1_style_weight,portrait,wave,171x256,87.46,200,14.04904556274414,4.7290449142456055,8.18536818769644e-07,0.11346326023340225,0.46873,0.51178,1.45964,0.0037,-5.54829,0.11241,"{""arch"": ""vgg19"", ""pooling"": ""max"", ""weights"": ""keras"", ""content_layers"": [""conv4_2""], ""style_layers"": [""conv1_1"", ""conv2_1"", ""conv3_1"", ""conv4_1"", ""conv5_1""], ""style_layer_weights"": null, ""content_weight"": 1.0, ""style_weight"": 10000000.0, ""tv_weight"": 10.0, ""optimizer"": ""lbfgs"", ""lr"": 0.02, ""steps"": 200, ""init"": ""content"", ""preserve_colour"": false, ""style_mix"": null, ""temporal_weight"": 0.0, ""seed"": 0}"
E6_architecture__cat_scream_vgg16_max,E6_architecture,cat,scream,192x256,87.87,200,2.749664783477783,1.0153388977050781,1.2151011105743237e-05,0.05192246660590172,0.56552,0.7314,2.74447,0.10231,-4.56057,0.05102,"{""arch"": ""vgg16"", ""pooling"": ""max"", ""weights"": ""keras"", ""content_layers"": [""conv4_2""], ""style_layers"": [""conv1_1"", ""conv2_1"", ""conv3_1"", ""conv4_1"", ""conv5_1""], ""style_layer_weights"": null, ""content_weight"": 1.0, ""style_weight"": 100000.0, ""tv_weight"": 10.0, ""optimizer"": ""lbfgs"", ""lr"": 0.02, ""steps"": 200, ""init"": ""content"", ""preserve_colour"": false, ""style_mix"": null, ""temporal_weight"": 0.0, ""seed"": 0}"
E6_architecture__cat_scream_vgg16_avg,E6_architecture,cat,scream,192x256,82.51,200,3.802203416824341,1.383376955986023,1.8820144759956747e-05,0.05368120223283768,0.5199,0.65871,3.32823,0.11705,-4.59856,0.0523,"{""arch"": ""vgg16"", ""pooling"": ""avg"", ""weights"": ""keras"", ""content_layers"": [""conv4_2""], ""style_layers"": [""conv1_1"", ""conv2_1"", ""conv3_1"", ""conv4_1"", ""conv5_1""], ""style_layer_weights"": null, ""content_weight"": 1.0, ""style_weight"": 100000.0, ""tv_weight"": 10.0, ""optimizer"": ""lbfgs"", ""lr"": 0.02, ""steps"": 200, ""init"": ""content"", ""preserve_colour"": false, ""style_mix"": null, ""temporal_weight"": 0.0, ""seed"": 0}"
E6_architecture__cat_scream_vgg19_max,E6_architecture,cat,scream,192x256,97.55,200,2.4730236530303955,0.9255550503730774,9.847211913438514e-06,0.056274741888046265,0.58154,0.72902,2.95958,0.04568,-4.66282,0.05512,"{""arch"": ""vgg19"", ""pooling"": ""max"", ""weights"": ""keras"", ""content_layers"": [""conv4_2""], ""style_layers"": [""conv1_1"", ""conv2_1"", ""conv3_1"", ""conv4_1"", ""conv5_1""], ""style_layer_weights"": null, ""content_weight"": 1.0, ""style_weight"": 100000.0, ""tv_weight"": 10.0, ""optimizer"": ""lbfgs"", ""lr"": 0.02, ""steps"": 200, ""init"": ""content"", ""preserve_colour"": false, ""style_mix"": null, ""temporal_weight"": 0.0, ""seed"": 0}"
E6_architecture__cat_scream_vgg19_avg,E6_architecture,cat,scream,192x256,97.1,200,2.7904772758483887,1.1622223854064941,1.1218023246328812e-05,0.05064525082707405,0.49455,0.58318,3.04098,0.15968,-4.79554,0.04923,"{""arch"": ""vgg19"", ""pooling"": ""avg"", ""weights"": ""keras"", ""content_layers"": [""conv4_2""], ""style_layers"": [""conv1_1"", ""conv2_1"", ""conv3_1"", ""conv4_1"", ""conv5_1""], ""style_layer_weights"": null, ""content_weight"": 1.0, ""style_weight"": 100000.0, ""tv_weight"": 10.0, ""optimizer"": ""lbfgs"", ""lr"": 0.02, ""steps"": 200, ""init"": ""content"", ""preserve_colour"": false, ""style_mix"": null, ""temporal_weight"": 0.0, ""seed"": 0}"
E7_portfolio__portrait_starry_night,E7_portfolio,portrait,starry_night,171x256,88.93,200,3.8218188285827637,1.6108808517456055,1.3682790267921519e-05,0.08426588773727417,0.45348,0.55828,9.52571,0.15121,-3.7817,0.07503,"{""arch"": ""vgg19"", ""pooling"": ""max"", ""weights"": ""keras"", ""content_layers"": [""conv4_2""], ""style_layers"": [""conv1_1"", ""conv2_1"", ""conv3_1"", ""conv4_1"", ""conv5_1""], ""style_layer_weights"": null, ""content_weight"": 1.0, ""style_weight"": 100000.0, ""tv_weight"": 10.0, ""optimizer"": ""lbfgs"", ""lr"": 0.02, ""steps"": 200, ""init"": ""content"", ""preserve_colour"": false, ""style_mix"": null, ""temporal_weight"": 0.0, ""seed"": 0}"
E7_portfolio__portrait_scream,E7_portfolio,portrait,scream,171x256,87.06,200,1.8688392639160156,0.6703404188156128,7.3750388764892705e-06,0.046099502593278885,0.51815,0.62817,6.91971,0.18486,-4.41139,0.041,"{""arch"": ""vgg19"", ""pooling"": ""max"", ""weights"": ""keras"", ""content_layers"": [""conv4_2""], ""style_layers"": [""conv1_1"", ""conv2_1"", ""conv3_1"", ""conv4_1"", ""conv5_1""], ""style_layer_weights"": null, ""content_weight"": 1.0, ""style_weight"": 100000.0, ""tv_weight"": 10.0, ""optimizer"": ""lbfgs"", ""lr"": 0.02, ""steps"": 200, ""init"": ""content"", ""preserve_colour"": false, ""style_mix"": null, ""temporal_weight"": 0.0, ""seed"": 0}"
E7_portfolio__portrait_wave,E7_portfolio,portrait,wave,171x256,86.89,200,2.133063793182373,0.6376895904541016,8.154774150170851e-06,0.06798968464136124,0.6748,0.69825,1.97305,0.18833,-4.47171,0.06494,"{""arch"": ""vgg19"", ""pooling"": ""max"", ""weights"": ""keras"", ""content_layers"": [""conv4_2""], ""style_layers"": [""conv1_1"", ""conv2_1"", ""conv3_1"", ""conv4_1"", ""conv5_1""], ""style_layer_weights"": null, ""content_weight"": 1.0, ""style_weight"": 100000.0, ""tv_weight"": 10.0, ""optimizer"": ""lbfgs"", ""lr"": 0.02, ""steps"": 200, ""init"": ""content"", ""preserve_colour"": false, ""style_mix"": null, ""temporal_weight"": 0.0, ""seed"": 0}"
E7_portfolio__portrait_shipwreck,E7_portfolio,portrait,shipwreck,171x256,86.06,200,1.7780125141143799,0.6998540759086609,6.530532573378878e-06,0.042510516941547394,0.50307,0.536,9.54122,0.14289,-4.27826,0.0369,"{""arch"": ""vgg19"", ""pooling"": ""max"", ""weights"": ""keras"", ""content_layers"": [""conv4_2""], ""style_layers"": [""conv1_1"", ""conv2_1"", ""conv3_1"", ""conv4_1"", ""conv5_1""], ""style_layer_weights"": null, ""content_weight"": 1.0, ""style_weight"": 100000.0, ""tv_weight"": 10.0, ""optimizer"": ""lbfgs"", ""lr"": 0.02, ""steps"": 200, ""init"": ""content"", ""preserve_colour"": false, ""style_mix"": null, ""temporal_weight"": 0.0, ""seed"": 0}"
E7_portfolio__cat_starry_night,E7_portfolio,cat,starry_night,192x256,97.62,200,4.297158241271973,1.9161596298217773,1.3046950698480941e-05,0.10763035714626312,0.46203,0.64186,1.97931,0.03613,-4.68244,0.10445,"{""arch"": ""vgg19"", ""pooling"": ""max"", ""weights"": ""keras"", ""content_layers"": [""conv4_2""], ""style_layers"": [""conv1_1"", ""conv2_1"", ""conv3_1"", ""conv4_1"", ""conv5_1""], ""style_layer_weights"": null, ""content_weight"": 1.0, ""style_weight"": 100000.0, ""tv_weight"": 10.0, ""optimizer"": ""lbfgs"", ""lr"": 0.02, ""steps"": 200, ""init"": ""content"", ""preserve_colour"": false, ""style_mix"": null, ""temporal_weight"": 0.0, ""seed"": 0}"
E7_portfolio__cat_scream,E7_portfolio,cat,scream,192x256,96.5,200,2.4730236530303955,0.9255550503730774,9.847211913438514e-06,0.056274741888046265,0.58154,0.72902,2.95958,0.04568,-4.66282,0.05512,"{""arch"": ""vgg19"", ""pooling"": ""max"", ""weights"": ""keras"", ""content_layers"": [""conv4_2""], ""style_layers"": [""conv1_1"", ""conv2_1"", ""conv3_1"", ""conv4_1"", ""conv5_1""], ""style_layer_weights"": null, ""content_weight"": 1.0, ""style_weight"": 100000.0, ""tv_weight"": 10.0, ""optimizer"": ""lbfgs"", ""lr"": 0.02, ""steps"": 200, ""init"": ""content"", ""preserve_colour"": false, ""style_mix"": null, ""temporal_weight"": 0.0, ""seed"": 0}"
E7_portfolio__cat_wave,E7_portfolio,cat,wave,192x256,96.73,200,2.968397378921509,1.009100079536438,1.0124320397153497e-05,0.09468653798103333,0.52907,0.65824,6.84445,0.02982,-4.64077,0.09018,"{""arch"": ""vgg19"", ""pooling"": ""max"", ""weights"": ""keras"", ""content_layers"": [""conv4_2""], ""style_layers"": [""conv1_1"", ""conv2_1"", ""conv3_1"", ""conv4_1"", ""conv5_1""], ""style_layer_weights"": null, ""content_weight"": 1.0, ""style_weight"": 100000.0, ""tv_weight"": 10.0, ""optimizer"": ""lbfgs"", ""lr"": 0.02, ""steps"": 200, ""init"": ""content"", ""preserve_colour"": false, ""style_mix"": null, ""temporal_weight"": 0.0, ""seed"": 0}"
E7_portfolio__cat_shipwreck,E7_portfolio,cat,shipwreck,192x256,95.38,200,2.560572624206543,1.350098967552185,7.186406492110109e-06,0.04918328672647476,0.61674,0.73844,3.51151,0.02687,-4.95975,0.04855,"{""arch"": ""vgg19"", ""pooling"": ""max"", ""weights"": ""keras"", ""content_layers"": [""conv4_2""], ""style_layers"": [""conv1_1"", ""conv2_1"", ""conv3_1"", ""conv4_1"", ""conv5_1""], ""style_layer_weights"": null, ""content_weight"": 1.0, ""style_weight"": 100000.0, ""tv_weight"": 10.0, ""optimizer"": ""lbfgs"", ""lr"": 0.02, ""steps"": 200, ""init"": ""content"", ""preserve_colour"": false, ""style_mix"": null, ""temporal_weight"": 0.0, ""seed"": 0}"
E8_colour__portrait_scream_preserve,E8_colour,portrait,scream,171x256,86.3,200,1.2707014083862305,0.33663979172706604,3.6625999655370833e-06,0.056780166923999786,0.73069,0.69886,20.15737,0.19091,-3.18945,0.05707,"{""arch"": ""vgg19"", ""pooling"": ""max"", ""weights"": ""keras"", ""content_layers"": [""conv4_2""], ""style_layers"": [""conv1_1"", ""conv2_1"", ""conv3_1"", ""conv4_1"", ""conv5_1""], ""style_layer_weights"": null, ""content_weight"": 1.0, ""style_weight"": 100000.0, ""tv_weight"": 10.0, ""optimizer"": ""lbfgs"", ""lr"": 0.02, ""steps"": 200, ""init"": ""content"", ""preserve_colour"": true, ""style_mix"": null, ""temporal_weight"": 0.0, ""seed"": 0}"
E9_highres__portrait_wave_512,E9_highres,portrait,wave,341x512,575.09,300,1.9847424030303955,0.7145130634307861,5.819460056954995e-06,0.06882832944393158,0.67846,0.65532,2.05743,0.04171,-4.55074,0.06586,"{""arch"": ""vgg19"", ""pooling"": ""max"", ""weights"": ""keras"", ""content_layers"": [""conv4_2""], ""style_layers"": [""conv1_1"", ""conv2_1"", ""conv3_1"", ""conv4_1"", ""conv5_1""], ""style_layer_weights"": null, ""content_weight"": 1.0, ""style_weight"": 100000.0, ""tv_weight"": 10.0, ""optimizer"": ""lbfgs"", ""lr"": 0.02, ""steps"": 300, ""init"": ""content"", ""preserve_colour"": false, ""style_mix"": null, ""temporal_weight"": 0.0, ""seed"": 0}"
